nome,idade,cpf,data_nasc,sexo,endereco,numero,bairro,cidade,estado
Emanuel Francisco Araujo,46,608.982.268-05,02/02/2004,Masculino,Rua Ipe,359,Nova Brasilia,Ji-Parana,RO
Kaue Ricardo Gael Assis,73,578.474.302-31,13/05/2003,Masculino,Rua V,651,Cidade Jardim,Arcoverde,PE
Emily Francisca Maite Rodrigues,11,300.217.914-06,01/08/2003,Feminino,Rua Joao Pereira da Silva,472,Camurugi,Guarapari,ES
Emily Elza Elisa Barros,54,766.479.188-09,27/03/2003,Feminino,Rua Tamandare,495,Pajucara,Maracanau,CE
Bruna Isadora Novaes,19,881.906.299-21,07/02/2002,Feminino,Rua Josefa Lopes de Araujo,553,Cabral,Teresina,PI
Ricardo Carlos Aragao,85,112.294.634-10,19/01/2002,Masculino,Quadra Quadra 102 Conjunto 6,487,Recanto das Emas,Brasilia,DF
Priscila Marcela Rocha,30,780.903.184-87,10/02/2002,Feminino,Avenida Cosme Ferreira,333,Distrito Industrial I,Manaus,AM
Priscila Jennifer Mariane Dias,23,674.462.852-65,18/04/2002,Feminino,Travessa Boa Vista 1,778,Capoeira,Rio Branco,AC
Tereza Isabelle Barros,31,936.484.325-83,16/02/2001,Feminino,Rua Maria Batista Paiva,778,Ernesto Geisel,Joao Pessoa,PB
Pedro Henrique Giovanni Jorge das Neves,71,606.171.213-89,11/06/2001,Masculino,Quadra QS 3 Rua 430,207,Areal (aguas Claras),Brasilia,DF
Levi Danilo Drumond,56,274.763.286-55,10/02/2001,Masculino,Rua Joao Hardman de Barros,996,Oitizeiro,Joao Pessoa,PB
Sarah Heloisa Almada,74,796.366.894-07,14/03/2001,Feminino,Rua Professor Edgar Gewehr,204,Independencia,Santa Cruz do Sul,RS
Carla Stella Stella Novaes,76,928.157.092-01,24/01/2001,Feminino,Quadra SQN 210,742,Asa Norte,Brasilia,DF
Marina Andreia Eliane Goncalves,51,913.180.172-20,21/07/2000,Feminino,Rua Mobral,910,Maria Luiza,Cascavel,PR
Andreia Nicole Carolina Nogueira,60,506.944.119-14,17/08/1999,Feminino,Vila Santa Lucia,906,Guama,Belem,PA
Elaine Ayla Stella da Costa,20,933.502.689-19,21/06/1998,Feminino,Rua Doutor Jozone Pedroso de Camargo,684,Jardim Ayde,Dourados,MS
Jennifer Liz Liz Aparicio,25,216.487.500-10,23/06/1998,Feminino,Rua Dom Severino Vieira de Melo,916,Sao Francisco,Caruaru,PE
Breno Paulo Manuel Souza,76,819.758.540-71,03/05/1998,Masculino,Rua Botafogo,376,Defesa Civil,Rio Branco,AC
Nathan Nelson Araujo,21,035.056.080-33,23/06/1997,Masculino,Travessa B,934,Uniao,Boa Vista,RR
Amanda Eloa Nair Oliveira,24,689.228.058-70,07/05/1997,Feminino,Rua Maria do Socorro,598,Aguazinha,Olinda,PE
Luiza Mariane da Mota,31,150.600.367-23,22/02/1996,Feminino,Avenida Prefeito Milton Rodrigues,950,Centro (Manilha),Itaborai,RJ
Pietra Carolina Lavinia Lopes,85,436.476.291-11,08/07/1995,Feminino,Rua Seis,891,Jardim Centenario,Aracaju,SE
Sandra Olivia Dias,14,029.337.307-82,10/08/1994,Feminino,Rodovia BR-316 km 4 Lote s/n,661,Centro,Ananindeua,PA
Gabriel Ryan Cardoso,42,583.815.414-41,16/05/1994,Masculino,Rodovia Coronel Estevao Torquato da Silva,836,Despraiado,Cuiaba,MT
Jaqueline Giovanna Marcia Santos,57,768.734.033-77,02/04/1993,Feminino,Quadra Nove,329,Tenone,Belem,PA
Calebe Pedro Kaique Cardoso,48,972.603.511-28,13/01/1991,Masculino,Alameda Riguel,962,Residencial Morada das Estrelas (Aldeia da Serra),Barueri,SP
Bruna Emilly Bernardes,5,326.136.530-78,09/08/1990,Feminino,Rua Caja Mirim,919,Monte das Oliveiras,Manaus,AM
Tiago Pietro Pires,39,350.181.306-60,27/07/1989,Masculino,Rua Afeia,154,Jorge Teixeira,Manaus,AM
Felipe Gabriel Lopes,22,214.105.778-72,08/02/1989,Masculino,Rua Margarida Barbosa Chaves,633,Funcionarios,Joao Pessoa,PB
Otavio Rafael Victor Castro,51,037.349.530-73,17/01/1988,Masculino,Rua Jose Paulo Candido,375,Jardim Silveira,Sao Paulo,SP
Henrique Nelson Gomes,17,417.227.932-52,18/04/1987,Masculino,Rua Manoel Francisco da Silva,853,Universitario,Caruaru,PE
Victor Carlos Eduardo Pires,29,190.312.369-00,06/06/1986,Masculino,Travessa Washington Luis,334,Petropolis,Manaus,AM
Mariana Rebeca Kamilly Aparicio,15,100.505.355-36,05/02/1985,Feminino,Avenida Jornalista Roberto Marinho,428,Galo Branco,Sao Goncalo,RJ
Ian Vicente Julio Sales,71,924.960.305-33,06/04/1984,Masculino,Rua Jose do Monte,287,Flavio Marques Lisboa (Barreiro),Belo Horizonte,MG
Jaqueline Lara dos Santos,85,193.978.242-28,27/02/1984,Feminino,Rua Rio Desterro,651,Sucupira,Jaboatao dos Guararapes,PE
Ayla Malu Lais da Conceicao,54,254.795.150-98,19/06/1983,Feminino,area SRES area Especial Bloco C,712,Cruzeiro Velho,Brasilia,DF
Nina Elaine Renata Martins,60,877.526.453-62,04/05/1980,Feminino,Quadra QR 310 Conjunto N,284,Santa Maria,Brasilia,DF
Cecilia Sandra Rita da Cunha,54,784.283.499-75,18/06/1980,Feminino,Travessa da Afeletro,213,Boa Esperanca,Rio Branco,AC
Valentina Daniela Rocha,50,061.681.673-15,16/06/1979,Feminino,Rua Vinte e Quatro,775,Interlagos,Sete Lagoas,MG
Emily Francisca Jesus,48,544.772.817-73,12/03/1979,Feminino,Rua Palmital,710,Lagoa Salgada,Feira de Santana,BA
Antonella Andrea Priscila Fernandes,31,509.429.055-04,08/01/1978,Feminino,Rua Estacio de Sa,964,Estancia,Recife,PE
Rafael Martin Thomas Moreira,43,569.532.167-00,12/02/1977,Masculino,Alameda Oito,446,Tapana (Icoaraci),Belem,PA
Roberto Theo Galvao,54,665.947.051-48,10/05/1977,Masculino,Quadra QNN 36 Conjunto A,530,Ceilandia Sul (Ceilandia),Brasilia,DF
Sophie Lucia Bruna Bernardes,60,449.916.493-15,16/08/1976,Feminino,Rua Vicente Padovan s/n,970,Sapucaia,Sapucaia,ES
Luiz Benicio Arthur Costa,30,061.163.625-59,27/07/1976,Masculino,Rua Janarana,257,Novo Mundo,Varzea Grande,MT
Heloisa Barbara Livia Moraes,14,646.999.390-74,25/01/1974,Feminino,Quadra QI 616 Conjunto H-I,128,Samambaia Norte (Samambaia),Brasilia,DF
Rafael Erick Otavio Baptista,31,768.844.304-00,06/08/1974,Masculino,Rua Tomar do Geru,916,Jose Conrado de Araujo,Aracaju,SE
Catarina Helena Adriana Galvao,74,686.741.398-68,06/05/1974,Feminino,Avenida Projetada,452,Cohatrac IV,Sao Luis,MA
Andre Arthur Caldeira,8,152.726.332-02,18/02/1973,Masculino,Rua Assis Valente,467,Costa Verde,Varzea Grande,MT
Maite Barbara Viana,52,765.953.791-12,05/02/1973,Feminino,Avenida Caracarai,654,Treze de Setembro,Boa Vista,RR
Guilherme Sebastiao Raimundo da Costa,53,263.266.382-24,08/02/1972,Masculino,Rua Manuel Torres,771,Santissimo,Rio de Janeiro,RJ
Yasmin Valentina Isis Nogueira,47,432.362.604-59,27/04/1972,Feminino,Quadra T 21 Avenida TNS 4,252,Jardim Taquari (Taquaralto),Palmas,TO
Pietra Aline Sophia Nunes,54,912.652.200-42,08/02/1972,Feminino,Rua Demeter,457,Nossa Senhora da Conceicao,Paulista,PE
Julio Ruan Elias Campos,20,154.641.180-12,13/04/1972,Masculino,Avenida das Bandeiras,172,Jardim Laguna,Contagem,MG
Antonella Eliane Santos,65,447.417.507-79,17/01/1972,Feminino,Beco dos Inocentes,199,Coroado,Manaus,AM
Marcia Caroline Sara Nunes,49,214.565.496-85,11/05/1971,Feminino,Rua Mauro Rigo,208,Esplanada,Chapeco,SC
Thales Erick Alves,39,502.376.619-50,17/03/1971,Masculino,Rua Onair de Freitas,950,Jaburuna,Vila Velha,ES
Caleb Filipe Noah Souza,28,830.692.913-68,25/01/1971,Masculino,Vila Aides,221,Floresta,Fortaleza,CE
Debora Jessica Sara Silveira,74,991.902.368-07,25/04/1970,Feminino,Rua Peixe Boi,492,Santa Tereza,Boa Vista,RR
Breno Theo Teixeira,74,951.886.065-34,13/03/1970,Masculino,Travessa Zeus,892,Taquari,Rio Branco,AC
Benicio Rodrigo Manuel Baptista,62,068.752.015-00,25/03/1969,Masculino,Rua Lino Rodrigues,386,Cacimbas,Arapiraca,AL
Malu Caroline Cavalcanti,9,892.579.995-21,02/03/1966,Feminino,Rua Tres,972,Sao Raimundo(Anjo da Guarda),Sao Luis,MA
Kamilly Allana da Luz,46,771.082.527-32,19/07/1966,Feminino,Rua Imbe,278,Setor dos Afonsos,Aparecida de Goiania,GO
Heloise Sarah Barbosa,42,719.929.853-67,12/05/1966,Feminino,Travessa Santa Lucia,792,Conjunto Esperanca,Rio Branco,AC
Sandra Helena Ana Viana,43,958.669.509-36,27/05/1965,Feminino,Quadra QNO 5 Conjunto O,658,Ceilandia Norte (Ceilandia),Brasilia,DF
Ian Oliver Giovanni Fernandes,45,925.766.683-21,08/06/1965,Masculino,Rua 1º de Abril,147,Gilberto Mestrinho,Manaus,AM
Otavio Lucas Diogo da Conceicao,49,780.494.099-88,22/03/1965,Masculino,Rua BA - 069,909,Bateas,Brusque,SC
Larissa Clarice dos Santos,55,490.476.222-35,03/08/1965,Feminino,Rua Lucia dos Santos,197,Parque do Sol,Campo Grande,MS
Samuel Daniel da Conceicao,79,166.526.478-00,25/02/1964,Masculino,Rua David Caldas 636/s,743,Centro,Teresina,PI
Malu Clarice Melo,18,037.400.848-55,23/02/1964,Feminino,Praca da Biblia,185,Centro,Telemaco Borba,PR
Milena Carolina Antonella Silva,40,194.991.146-29,09/06/1963,Feminino,Condominio Bom Jesus,645,Santos Dumont,Maceio,AL
Maya Sonia Porto,15,203.689.706-12,25/01/1963,Feminino,Rua P 9,989,Setor Sul (Taquaralto),Palmas,TO
Bento Luiz Freitas,10,965.302.179-67,01/01/1962,Masculino,Travessa Claudionor Leite,658,Farolandia,Aracaju,SE
Beatriz Isabela Andrea Moreira,34,460.169.999-11,26/01/1961,Feminino,Avenida Florianopolis,230,Sao Diogo I,Serra,ES
Lucas Luan Barbosa,5,848.839.493-46,06/07/1960,Masculino,Rua Quinze de Novembro 230,300,Centro,Campo Grande,MS
Julio Luis da Rosa,43,442.287.278-83,26/02/1960,Masculino,Rua Soilo de Freitas,713,Bairro Sao Domingos,Ponta Pora,MS
Natalia Heloise Jennifer Barbosa,71,076.129.910-63,15/07/1960,Feminino,Rua Vitoria,616,Rio Grande,Palhoca,SC
Bruno Felipe Alves,75,894.907.653-50,06/08/1959,Masculino,Rua Inhambu,996,Vitoria Regia,Londrina,PR
Renato Cesar Davi da Rocha,75,400.548.663-08,16/06/1958,Masculino,Rua Rua 8 Chacara 292,765,Vila Sao Jose (Vicente Pires),Brasilia,DF
Thales Thiago Ruan Campos,77,621.983.477-17,09/02/1957,Masculino,Rua A-47,388,Benedito Bentes,Maceio,AL
Elza Natalia Ester Lopes,35,875.929.448-55,05/07/1957,Feminino,Avenida Dom Pedro II,233,Kennedy,Santana do Livramento,RS
Isabelly Beatriz Sara Pinto,38,184.766.225-03,05/07/1955,Feminino,Rua Guanabara,990,Nossa Senhora das Gracas,Porto Velho,RO
Victor Gustavo Claudio Brito,18,329.086.767-61,03/04/1955,Masculino,Rua Alto Cerqueira,478,Coutos,Salvador,BA
Isabella Rebeca Almada,4,561.157.074-71,19/04/1955,Feminino,Rua Pedro Aldemar Bantim,101,Jardim Tropical,Boa Vista,RR
Claudia Milena Moura,36,785.017.578-61,24/05/1954,Feminino,Alameda Payssandu,856,Icui-Guajara,Ananindeua,PA
Renata Kamilly Ferreira,33,354.561.963-01,09/08/1954,Feminino,Avenida Fazenda Ipomeia,599,Conjunto Habitacional Antonio Euthymio Casaroto,Cambe,PR
Eduarda Isabel Giovanna Farias,8,304.632.572-00,13/06/1954,Feminino,Rua da Pedra,243,Sao Miguel,Arcoverde,PE
Caroline Fernanda da Luz,7,583.152.110-99,20/05/1954,Feminino,Rua Gerson Farias dos Santos,752,Porto D'Antas,Aracaju,SE
Nicolas Lorenzo da Paz,65,028.127.501-70,21/06/1953,Masculino,Rua Chico Mendes,788,Conquista,Rio Branco,AC
Marli Sabrina Malu Brito,87,836.475.310-06,27/01/1953,Feminino,Rua Prudente de Moraes,826,Areal,Porto Velho,RO
Geraldo Diogo Monteiro,86,692.603.605-52,20/01/1953,Masculino,Rua Otavio Antonio Darros,685,Canudos,Novo Hamburgo,RS
Kamilly Ester Mendes,81,881.435.218-69,09/02/1952,Feminino,Rua Suiriri,578,Passarinho,Recife,PE
Ana Cecilia Moraes,42,757.734.263-74,20/01/1951,Feminino,Quadra J-10,846,Tapana (Icoaraci),Belem,PA
Claudia Milena Carolina Corte Real,54,164.500.753-76,04/05/1951,Feminino,Quadra QN 315 Conjunto B,711,Samambaia Sul (Samambaia),Brasilia,DF
Brenda Flavia Tania Silva,65,948.951.936-75,06/08/1951,Feminino,Rua Prudente de Morais,146,Lourival Parente,Teresina,PI
Antonella Malu Emanuelly Mendes,75,204.091.795-07,11/06/1950,Feminino,2a Rua da Paz,532,Pescaria,Maceio,AL
Sebastiao Luiz Emanuel Baptista,87,054.914.408-09,03/02/1950,Masculino,Beco Heros,618,Adalberto Aragao,Rio Branco,AC
Silvana Cecilia Simone Corte Real,15,096.247.841-59,08/01/1949,Feminino,Rua Principal s/n,879,Centro,Ribeiropolis,SE
Jose Luiz Carvalho,28,415.473.513-65,09/03/1949,Masculino,Rua Homero Cruz,853,Sao Francisco,Boa Vista,RR
Benedita Juliana Almada,86,806.615.009-18,12/07/1949,Feminino,Rua Cabo do Arraial,317,Siderlandia,Volta Redonda,RJ
Julio Manoel Diogo Oliveira,60,854.640.160-82,02/07/1949,Masculino,Quadra SHIGS 706 Bloco H,646,Asa Sul,Brasilia,DF
Maite Raquel Marcela Silveira,15,961.936.030-34,06/03/1949,Feminino,Avenida Fernando Correa da Costa 542,706,Pocao,Cuiaba,MT
Jose Benjamin Isaac Castro,68,106.827.257-06,12/04/1949,Masculino,Rua Sao Paulo,391,Atalaia,Ananindeua,PA
Julio Isaac Almeida,20,543.915.194-02,25/02/1948,Masculino,Rua Dianapolis,790,Clima Bom,Maceio,AL
Renato Carlos Eduardo Goncalves,54,054.230.655-77,08/05/1948,Masculino,Travessa 25 de Dezembro,323,Nova Brasilia,Santana,AP
Eduardo Luiz Carlos da Mota,38,403.755.010-53,24/05/1948,Masculino,Trecho SCEN Trecho 3 Lotes 5B e 6B,209,Asa Norte,Brasilia,DF
Mateus Diogo Thiago da Paz,74,089.059.299-31,24/03/1948,Masculino,Rua Dorgival Rodrigues Galvao,112,Floresta,Belo Jardim,PE
Sabrina Marlene Isabelle Aparicio,36,271.132.934-84,19/04/1948,Feminino,Rua Washington,249,Imbiribeira,Recife,PE
Rosa Giovana da Cunha,23,051.625.647-53,10/05/1947,Feminino,Rua Umari,784,Alvorada,Manaus,AM
Sophia Gabriela Heloise Rezende,82,830.349.038-98,04/05/1946,Feminino,Avenida Deputado Pinheiro Machado 2675,770,Piaui,Parnaiba,PI
Nelson Samuel Roberto Mendes,80,487.467.175-60,01/01/1946,Masculino,Rua Quarenta e Seis,412,Forno Velho,Sao Mateus,ES
Alessandra Liz Luciana da Mota,45,495.575.951-32,20/04/1945,Feminino,Avenida Bonfim,458,Goiabal,Macapa,AP
Sueli Simone Eloa Souza,76,768.680.798-34,22/04/1944,Feminino,Rua Goncalves Dias,147,Jucara,Imperatriz,MA
Josefa Isis Heloisa Araujo,16,177.750.202-02,17/08/1944,Feminino,Travessa Arnoldo Raiter,405,Vila Luiza,Passo Fundo,RS
Ana Raquel Josefa Ramos,11,034.064.083-97,08/08/1943,Feminino,Rua Leonardo da Vinci,905,Jardim Europa,Goiania,GO
Yago Kevin Gomes,84,962.364.084-67,20/02/1943,Masculino,Rua Dias Gomes,335,Canindezinho,Fortaleza,CE
Maya Louise Evelyn Moraes,52,201.757.933-52,10/06/1942,Feminino,Avenida Maria de Oliveira Colares,356,Remedios,Santana,AP
Kevin Yago Pinto,30,765.627.070-13,03/01/1942,Masculino,Rua Bariri,438,Cristo Rei,Varzea Grande,MT
Lorena Nair Lorena Costa,49,701.811.103-00,15/02/1942,Feminino,Quadra QSC 19 Chacara 27 Conjunto D,583,Taguatinga Sul (Taguatinga),Brasilia,DF
Mariah Ester Francisca Aragao,52,894.042.070-55,15/06/1942,Feminino,Rua Moises de Souza Cruz,111,Paraviana,Boa Vista,RR
Henrique Lucas Oliveira,53,675.277.642-68,18/09/2006,Masculino,Rua Central,985,Boa Vista,Goiania,PR
Tiago Henrique Gomes,56,848.080.843-86,06/03/2010,Masculino,Rua B,432,Industrial,Goiania,CE
Mateus Henrique Martins,19,588.185.603-01,05/11/2007,Masculino,Rua B,988,Vila Nova,Sao Paulo,GO
Joao Clara Silva,14,608.281.108-97,21/06/1962,Masculino,Rua C,712,Jardim America,Goiania,SP
Julia Tiago Souza,43,534.809.409-38,17/11/1990,Feminino,Av. Brasil,965,Boa Vista,Belem,CE
Tiago Joao Almeida,10,280.645.306-76,05/05/1983,Masculino,Rua das Flores,141,Centro,Belem,CE
Clara Tiago Martins,27,587.982.728-90,19/06/1950,Feminino,Rua das Flores,182,Centro,Goiania,PA
Maria Maria Oliveira,22,340.068.169-24,07/11/2019,Feminino,Rua C,143,Sao Jose,Belem,RJ
Pedro Henrique Araujo,63,002.448.568-73,21/09/2008,Masculino,Rua C,955,Centro,Belem,PE
Rafael Lucas Souza,69,537.240.455-69,19/05/1973,Masculino,Rua A,44,Vila Nova,Sao Paulo,AM
Aline Julia Rodrigues,12,620.781.463-99,26/11/2001,Feminino,Rua Central,762,Boa Vista,Curitiba,PE
Lucas Lucas Araujo,66,083.434.621-53,17/08/1998,Masculino,Rua Central,585,Industrial,Sao Paulo,RJ
Lucas Maria Costa,73,400.638.765-14,03/05/1992,Masculino,Rua B,317,Vila Nova,Manaus,SP
Isabela Mateus Oliveira,50,555.156.902-59,19/07/1955,Feminino,Rua Central,584,Vila Nova,Sao Paulo,GO
Marcos Patricia Araujo,1,469.004.832-03,04/09/2012,Masculino,Rua Central,301,Centro,Rio de Janeiro,RJ
Aline Pedro Gomes,36,027.087.377-07,07/09/1970,Feminino,Rua Ipe,714,Vila Nova,Sao Paulo,AM
Beatriz Marcos Silva,21,969.750.893-94,09/09/1972,Feminino,Rua Ipe,992,Industrial,Belem,GO
Tiago Clara Costa,32,495.613.477-22,10/08/2000,Masculino,Rua C,520,Centro,Goiania,AM
Beatriz Lucas Costa,16,033.005.395-55,17/08/2014,Feminino,Rua Ipe,862,Centro,Recife,GO
Henrique Clara Costa,17,993.134.391-59,23/08/1986,Masculino,Av. Brasil,77,Sao Jose,Goiania,SP
Mateus Ana Rodrigues,37,512.595.249-41,14/06/1982,Masculino,Rua das Flores,277,Jardim America,Fortaleza,AM
Pedro Pedro Almeida,6,551.756.460-74,17/07/1996,Masculino,Rua B,905,Industrial,Rio de Janeiro,PE
Pedro Beatriz Oliveira,62,941.615.692-12,16/10/2000,Masculino,Av. Brasil,738,Boa Vista,Goiania,PR
Isabela Beatriz Almeida,60,884.020.811-96,06/11/1978,Feminino,Rua B,114,Centro,Belem,SP
Clara Larissa Rodrigues,56,493.746.378-87,12/02/1962,Feminino,Rua das Flores,765,Centro,Rio de Janeiro,AM
Isabela Joao Gomes,39,200.921.405-92,16/01/2010,Feminino,Rua A,471,Centro,Rio de Janeiro,RJ
Joao Clara Oliveira,15,350.733.473-56,12/12/1996,Masculino,Rua C,700,Industrial,Fortaleza,PA
Henrique Clara Gomes,10,721.370.260-37,23/12/2019,Masculino,Rua Central,308,Jardim America,Manaus,SP
Ana Patricia Martins,85,709.904.791-50,05/11/1969,Feminino,Rua A,975,Boa Vista,Belem,PR
Ana Ana Almeida,29,678.684.266-88,12/08/1974,Feminino,Rua A,845,Centro,Manaus,PE
Ana Ana Martins,50,389.309.147-88,18/04/1950,Feminino,Av. Brasil,291,Vila Nova,Fortaleza,RJ
Julia Clara Souza,67,111.632.140-60,25/04/1975,Feminino,Rua C,603,Vila Nova,Rio de Janeiro,CE
Marcos Tiago Araujo,32,940.191.902-72,12/01/1982,Masculino,Av. Brasil,511,Sao Jose,Goiania,PR
Maria Maria Gomes,58,629.856.035-89,25/01/1967,Feminino,Av. Brasil,101,Industrial,Curitiba,CE
Pedro Marcos Gomes,32,494.130.778-35,20/03/1960,Masculino,Rua das Flores,909,Boa Vista,Sao Paulo,CE
Clara Marcos Araujo,37,584.158.541-00,06/06/1990,Feminino,Rua Central,381,Vila Nova,Fortaleza,PR
Bruno Joao Costa,51,634.099.739-66,21/08/2008,Masculino,Rua C,49,Centro,Goiania,SP
Clara Patricia Martins,77,172.354.709-79,10/11/1968,Feminino,Rua A,773,Industrial,Sao Paulo,AM
Mateus Julia Martins,34,616.737.615-02,03/07/1978,Masculino,Rua das Flores,674,Sao Jose,Rio de Janeiro,PA
Julia Beatriz Costa,84,610.142.657-72,15/07/1955,Feminino,Av. Brasil,726,Sao Jose,Recife,RJ
Pedro Beatriz Gomes,72,042.168.679-62,08/01/2012,Masculino,Rua das Flores,678,Vila Nova,Fortaleza,CE
Rafael Isabela Silva,31,730.743.258-97,12/03/1980,Masculino,Av. Brasil,675,Centro,Sao Paulo,RJ
Tiago Patricia Rodrigues,12,191.436.270-82,24/12/2006,Masculino,Av. Brasil,37,Boa Vista,Curitiba,PR
Aline Tiago Rodrigues,35,779.558.391-77,05/06/1991,Feminino,Rua das Flores,73,Industrial,Manaus,PE
Bruno Tiago Costa,81,099.560.078-42,25/04/1988,Masculino,Rua Central,472,Centro,Belem,SP
Beatriz Joao Martins,28,779.788.635-18,21/06/1979,Feminino,Rua das Flores,379,Sao Jose,Sao Paulo,PE
Ana Mateus Costa,59,893.073.585-56,23/07/1983,Feminino,Rua Ipe,424,Industrial,Recife,SP
Maria Ana Rodrigues,61,826.478.745-63,19/09/1981,Feminino,Rua Central,413,Jardim America,Goiania,PR
Joao Larissa Rodrigues,29,590.376.753-53,26/01/1993,Masculino,Rua B,740,Industrial,Sao Paulo,PR
Lucas Isabela Rodrigues,83,178.342.018-64,13/02/2001,Masculino,Av. Brasil,673,Jardim America,Manaus,PR
Pedro Lucas Costa,20,788.282.781-76,09/10/1968,Masculino,Rua B,152,Vila Nova,Manaus,PR
Henrique Marcos Almeida,33,648.196.035-29,28/12/1972,Masculino,Rua Central,380,Jardim America,Manaus,GO
Larissa Lucas Araujo,48,378.884.684-08,05/04/2018,Feminino,Av. Brasil,332,Industrial,Manaus,PR
Clara Marcos Souza,16,734.223.959-12,21/04/2012,Feminino,Rua das Flores,229,Jardim America,Sao Paulo,AM
Isabela Maria Martins,66,503.542.504-86,21/02/1961,Feminino,Rua A,282,Centro,Recife,GO
Rafael Aline Souza,90,531.395.800-28,18/05/1950,Masculino,Rua C,314,Vila Nova,Manaus,RJ
Lucas Henrique Silva,54,631.146.296-18,10/05/2002,Masculino,Rua Ipe,697,Centro,Goiania,GO
Pedro Bruno Costa,14,776.712.790-00,03/11/1962,Masculino,Rua das Flores,975,Sao Jose,Fortaleza,PE
Rafael Larissa Gomes,89,759.919.557-59,06/09/1996,Masculino,Rua Central,21,Centro,Rio de Janeiro,PE
Rafael Lucas Costa,49,628.791.190-93,08/12/1976,Masculino,Rua Ipe,169,Industrial,Curitiba,GO
Patricia Henrique Silva,82,283.726.440-36,06/12/1980,Feminino,Rua B,48,Sao Jose,Manaus,SP
Clara Clara Rodrigues,48,040.982.762-30,22/09/2003,Feminino,Rua das Flores,451,Sao Jose,Rio de Janeiro,SP
Isabela Pedro Souza,44,789.991.434-18,08/06/1991,Feminino,Rua B,300,Centro,Fortaleza,GO
Tiago Mateus Rodrigues,79,126.049.381-02,05/01/2019,Masculino,Rua C,420,Industrial,Rio de Janeiro,CE
Tiago Lucas Almeida,47,952.572.223-86,07/08/2017,Masculino,Rua B,124,Centro,Belem,PA
Beatriz Tiago Souza,79,649.094.900-65,22/09/1997,Feminino,Rua B,91,Industrial,Recife,PR
Bruno Henrique Silva,73,030.749.295-63,28/01/2012,Masculino,Rua das Flores,891,Sao Jose,Belem,RJ
Julia Joao Souza,69,434.074.662-75,26/06/1976,Feminino,Av. Brasil,685,Sao Jose,Sao Paulo,PA
Larissa Bruno Araujo,51,151.083.865-33,11/08/1971,Feminino,Rua C,747,Boa Vista,Rio de Janeiro,AM
Marcos Larissa Gomes,82,208.691.098-68,24/02/1990,Masculino,Rua C,354,Sao Jose,Goiania,SP
Ana Tiago Oliveira,90,950.238.588-88,11/08/1956,Feminino,Rua A,258,Vila Nova,Sao Paulo,GO
Pedro Henrique Silva,51,403.798.109-02,23/09/1986,Masculino,Av. Brasil,813,Vila Nova,Recife,CE
Rafael Patricia Gomes,73,910.532.174-82,08/04/1964,Masculino,Rua C,592,Centro,Sao Paulo,PR
Clara Aline Almeida,25,525.335.310-86,10/06/1996,Feminino,Rua B,614,Sao Jose,Fortaleza,SP
Rafael Lucas Costa,56,318.343.181-25,10/01/1969,Masculino,Rua Central,840,Centro,Belem,CE
Rafael Tiago Costa,30,825.943.872-49,16/01/1952,Masculino,Rua Central,745,Jardim America,Curitiba,PE
Aline Mateus Araujo,45,086.240.844-38,25/01/2008,Feminino,Av. Brasil,730,Vila Nova,Goiania,SP
Aline Patricia Oliveira,24,574.204.982-75,09/08/1984,Feminino,Rua das Flores,309,Boa Vista,Belem,SP
Aline Julia Oliveira,64,346.008.950-14,11/10/1993,Feminino,Rua Central,310,Jardim America,Belem,AM
Isabela Beatriz Araujo,76,984.966.362-85,11/04/2002,Feminino,Rua Ipe,520,Boa Vista,Goiania,PE
Joao Isabela Almeida,41,080.983.837-13,19/05/1991,Masculino,Rua Central,327,Vila Nova,Recife,PR
Clara Patricia Martins,72,127.382.001-93,18/09/2020,Feminino,Rua B,67,Boa Vista,Curitiba,PA
Ana Maria Souza,85,104.045.024-94,27/02/1951,Feminino,Rua das Flores,929,Vila Nova,Curitiba,PA
Patricia Henrique Souza,44,970.073.537-10,24/06/1977,Feminino,Rua B,490,Sao Jose,Curitiba,SP
Rafael Larissa Araujo,51,008.023.676-20,22/09/1996,Masculino,Rua B,204,Vila Nova,Rio de Janeiro,SP
Isabela Pedro Silva,77,019.397.505-13,14/06/2019,Feminino,Rua A,816,Sao Jose,Manaus,GO
Henrique Tiago Araujo,85,978.551.119-25,21/10/1979,Masculino,Rua das Flores,367,Centro,Curitiba,RJ
Isabela Aline Oliveira,53,727.662.537-12,02/07/1966,Feminino,Rua Central,907,Boa Vista,Goiania,AM
Patricia Ana Martins,82,529.582.324-61,12/12/1981,Feminino,Rua C,648,Jardim America,Manaus,PE
Rafael Pedro Rodrigues,75,474.373.314-92,12/12/1982,Masculino,Rua Ipe,854,Centro,Rio de Janeiro,PE
Tiago Henrique Costa,46,133.953.824-41,09/01/2020,Masculino,Rua das Flores,665,Centro,Manaus,GO
Tiago Clara Araujo,50,368.104.717-23,20/04/2011,Masculino,Rua das Flores,743,Centro,Curitiba,RJ
Henrique Bruno Oliveira,73,901.343.216-87,04/03/1950,Masculino,Rua Ipe,251,Centro,Goiania,PE
Larissa Ana Martins,68,990.189.832-96,20/05/1972,Feminino,Rua A,778,Sao Jose,Goiania,SP
Bruno Julia Costa,78,551.743.488-84,13/05/1957,Masculino,Av. Brasil,373,Sao Jose,Belem,AM
Joao Ana Costa,64,130.920.610-82,04/10/2008,Masculino,Rua das Flores,387,Vila Nova,Fortaleza,RJ
Tiago Marcos Costa,64,728.682.773-72,23/12/1973,Masculino,Rua B,615,Vila Nova,Goiania,SP
Maria Tiago Gomes,62,246.009.502-97,25/06/1966,Feminino,Rua C,127,Sao Jose,Recife,PA
Larissa Patricia Martins,71,244.663.895-47,21/02/1970,Feminino,Rua B,354,Centro,Sao Paulo,PA
Bruno Bruno Gomes,9,677.062.406-68,08/08/2014,Masculino,Rua Ipe,711,Sao Jose,Manaus,AM
